4 Estrellas,110,1,01-11-2023,Espagne,TVE,serie-15345-4-Estrellas.html
Black Cake,1,1,01-11-2023,Etats-Unis,Hulu,serie-15614-Black-Cake.html
Black Cake,2,1,01-11-2023,Etats-Unis,Hulu,serie-15614-Black-Cake.html
Black Cake,3,1,01-11-2023,Etats-Unis,Hulu,serie-15614-Black-Cake.html
Blanca,5,2,01-11-2023,Italie,Rai 1,serie-14708-Blanca.html
Children Ruin Everything,6,3,01-11-2023,Canada,CTV,serie-13789-Children-Ruin-Everything.html
Chucky,5,3,01-11-2023,Etats-Unis,Syfy,serie-13240-Chucky.html
Cooper's Bar,5,2,01-11-2023,Etats-Unis,AMC,serie-14480-Cooper-s-Bar.html
Demain nous appartient,53,7,01-11-2023,France,TF1,serie-4146-Demain-nous-appartient.html
Hotel Mondial,5,2,01-11-2023,Allemagne,ZDF,serie-14993-Hotel-Mondial.html
Hudson & Rex,5,6,01-11-2023,Canada,Citytv,serie-8391-Hudson--Rex.html
I Leoni di Sicilia,5,1,01-11-2023,Etats-Unis,Disney+,serie-15685-I-Leoni-di-Sicilia.html
I Leoni di Sicilia,6,1,01-11-2023,Etats-Unis,Disney+,serie-15685-I-Leoni-di-Sicilia.html
I Leoni di Sicilia,7,1,01-11-2023,Etats-Unis,Disney+,serie-15685-I-Leoni-di-Sicilia.html
I Leoni di Sicilia,8,1,01-11-2023,Etats-Unis,Disney+,serie-15685-I-Leoni-di-Sicilia.html
Ici tout commence,48,4,01-11-2023,France,TF1,serie-11935-Ici-tout-commence.html
Inspirez expirez,4,1,01-11-2023,Canada,CraveTV,serie-15707-Inspirez-expirez.html
Inspirez expirez,5,1,01-11-2023,Canada,CraveTV,serie-15707-Inspirez-expirez.html
Magnum P.I. (2018),15,5,01-11-2023,Etats-Unis,NBC,serie-7010-Magnum-PI-(2018).html
Quantum Leap (2022),5,2,01-11-2023,Etats-Unis,NBC,serie-14394-Quantum-Leap-(2022).html
Robyn Hood,6,1,01-11-2023,Canada,Global,serie-15665-Robyn-Hood.html
Shetland,1,8,01-11-2023,Royaume-Uni,BBC One,serie-1139-Shetland.html
Sistas,14,6,01-11-2023,Etats-Unis,BET,serie-9954-Sistas.html
SurrealEstate,5,2,01-11-2023,Etats-Unis,Syfy,serie-13085-SurrealEstate.html
The Morning Show,9,3,01-11-2023,Etats-Unis,Apple TV+,serie-9906-The-Morning-Show.html
Un Si Grand Soleil,42,6,01-11-2023,France,France 2,serie-7375-Un-Si-Grand-Soleil.html
Young Dylan,9,4,01-11-2023,Etats-Unis,Nickelodeon,serie-10619-Young-Dylan.html
4 Estrellas,111,1,02-11-2023,Espagne,TVE,serie-15345-4-Estrellas.html
All Creatures Great and Small (2020),5,4,02-11-2023,Royaume-Uni,Channel 5,serie-11765-All-Creatures-Great-and-Small-(2020).html
All the Light We Cannot See,1,1,02-11-2023,Etats-Unis,Netflix,serie-15251-All-the-Light-We-Cannot-See.html
All the Light We Cannot See,2,1,02-11-2023,Etats-Unis,Netflix,serie-15251-All-the-Light-We-Cannot-See.html
All the Light We Cannot See,3,1,02-11-2023,Etats-Unis,Netflix,serie-15251-All-the-Light-We-Cannot-See.html
All the Light We Cannot See,4,1,02-11-2023,Etats-Unis,Netflix,serie-15251-All-the-Light-We-Cannot-See.html
À La Carte,8,2,02-11-2023,Etats-Unis,ALLBLK,serie-14106-A-La-Carte.html
Demain nous appartient,54,7,02-11-2023,France,TF1,serie-4146-Demain-nous-appartient.html
Doom Patrol,11,4,02-11-2023,Etats-Unis,HBO Max,serie-7951-Doom-Patrol.html
Frasier (2023),5,1,02-11-2023,Etats-Unis,Paramount+,serie-15573-Frasier-(2023).html
Gadis Kretek,1,1,02-11-2023,Etats-Unis,Netflix,serie-15532-Gadis-Kretek.html
Gadis Kretek,2,1,02-11-2023,Etats-Unis,Netflix,serie-15532-Gadis-Kretek.html
Gadis Kretek,3,1,02-11-2023,Etats-Unis,Netflix,serie-15532-Gadis-Kretek.html
Gadis Kretek,4,1,02-11-2023,Etats-Unis,Netflix,serie-15532-Gadis-Kretek.html
Gadis Kretek,5,1,02-11-2023,Etats-Unis,Netflix,serie-15532-Gadis-Kretek.html
Ici tout commence,49,4,02-11-2023,France,TF1,serie-11935-Ici-tout-commence.html
Kingdom Business,1,2,02-11-2023,Etats-Unis,BET+,serie-14195-Kingdom-Business.html
La Mesias,5,1,02-11-2023,Espagne,Moviestar+,serie-15635-La-Mesias.html
Loki,5,2,02-11-2023,Etats-Unis,Disney+,serie-12821-Loki.html
LT-21,7,1,02-11-2023,France,OCS,serie-15526-LT-21.html
LT-21,8,1,02-11-2023,France,OCS,serie-15526-LT-21.html
Star Trek: Lower Decks,10,4,02-11-2023,Etats-Unis,Paramount+,serie-11503-Star-Trek-Lower-Decks.html
The Vanishing Triangle,3,1,02-11-2023,Etats-Unis,SundanceTV,serie-15619-The-Vanishing-Triangle.html
Un Si Grand Soleil,43,6,02-11-2023,France,France 2,serie-7375-Un-Si-Grand-Soleil.html
Blue Eye Samurai,1,1,03-11-2023,Etats-Unis,Netflix,serie-15696-Blue-Eye-Samurai.html
Blue Eye Samurai,2,1,03-11-2023,Etats-Unis,Netflix,serie-15696-Blue-Eye-Samurai.html
Blue Eye Samurai,3,1,03-11-2023,Etats-Unis,Netflix,serie-15696-Blue-Eye-Samurai.html
Blue Eye Samurai,4,1,03-11-2023,Etats-Unis,Netflix,serie-15696-Blue-Eye-Samurai.html
Blue Eye Samurai,5,1,03-11-2023,Etats-Unis,Netflix,serie-15696-Blue-Eye-Samurai.html
Blue Eye Samurai,6,1,03-11-2023,Etats-Unis,Netflix,serie-15696-Blue-Eye-Samurai.html
Blue Eye Samurai,7,1,03-11-2023,Etats-Unis,Netflix,serie-15696-Blue-Eye-Samurai.html
Blue Eye Samurai,8,1,03-11-2023,Etats-Unis,Netflix,serie-15696-Blue-Eye-Samurai.html
Bosch: Legacy,7,2,03-11-2023,Etats-Unis,Amazon Freevee,serie-14009-Bosch-Legacy.html
Bosch: Legacy,8,2,03-11-2023,Etats-Unis,Amazon Freevee,serie-14009-Bosch-Legacy.html
Daily Dose of Sunshine,1,1,03-11-2023,Etats-Unis,Netflix,serie-15701-Daily-Dose-of-Sunshine.html
Daily Dose of Sunshine,2,1,03-11-2023,Etats-Unis,Netflix,serie-15701-Daily-Dose-of-Sunshine.html
Daily Dose of Sunshine,3,1,03-11-2023,Etats-Unis,Netflix,serie-15701-Daily-Dose-of-Sunshine.html
Daily Dose of Sunshine,4,1,03-11-2023,Etats-Unis,Netflix,serie-15701-Daily-Dose-of-Sunshine.html
Daily Dose of Sunshine,5,1,03-11-2023,Etats-Unis,Netflix,serie-15701-Daily-Dose-of-Sunshine.html
Daily Dose of Sunshine,6,1,03-11-2023,Etats-Unis,Netflix,serie-15701-Daily-Dose-of-Sunshine.html
Daily Dose of Sunshine,7,1,03-11-2023,Etats-Unis,Netflix,serie-15701-Daily-Dose-of-Sunshine.html
Daily Dose of Sunshine,8,1,03-11-2023,Etats-Unis,Netflix,serie-15701-Daily-Dose-of-Sunshine.html
Daily Dose of Sunshine,9,1,03-11-2023,Etats-Unis,Netflix,serie-15701-Daily-Dose-of-Sunshine.html
Daily Dose of Sunshine,10,1,03-11-2023,Etats-Unis,Netflix,serie-15701-Daily-Dose-of-Sunshine.html
Daily Dose of Sunshine,11,1,03-11-2023,Etats-Unis,Netflix,serie-15701-Daily-Dose-of-Sunshine.html
Daily Dose of Sunshine,12,1,03-11-2023,Etats-Unis,Netflix,serie-15701-Daily-Dose-of-Sunshine.html
Demain nous appartient,55,7,03-11-2023,France,TF1,serie-4146-Demain-nous-appartient.html
Fellow Travelers,2,1,03-11-2023,Etats-Unis,Showtime,serie-15528-Fellow-Travelers.html
Ferry - De Serie,1,1,03-11-2023,Etats-Unis,Netflix,serie-15534-Ferry---De-Serie.html
Ferry - De Serie,2,1,03-11-2023,Etats-Unis,Netflix,serie-15534-Ferry---De-Serie.html
Ferry - De Serie,3,1,03-11-2023,Etats-Unis,Netflix,serie-15534-Ferry---De-Serie.html
Ferry - De Serie,4,1,03-11-2023,Etats-Unis,Netflix,serie-15534-Ferry---De-Serie.html
Ferry - De Serie,5,1,03-11-2023,Etats-Unis,Netflix,serie-15534-Ferry---De-Serie.html
Ferry - De Serie,6,1,03-11-2023,Etats-Unis,Netflix,serie-15534-Ferry---De-Serie.html
Ferry - De Serie,7,1,03-11-2023,Etats-Unis,Netflix,serie-15534-Ferry---De-Serie.html
Ferry - De Serie,8,1,03-11-2023,Etats-Unis,Netflix,serie-15534-Ferry---De-Serie.html
Gen V,8,1,03-11-2023,Etats-Unis,Prime Video,serie-15489-Gen-V.html
Goosebumps (2023),8,1,03-11-2023,Etats-Unis,Disney+,serie-15599-Goosebumps-(2023).html
Ici tout commence,50,4,03-11-2023,France,TF1,serie-11935-Ici-tout-commence.html
Invincible,1,2,03-11-2023,Etats-Unis,Prime Video,serie-12630-Invincible.html
Lessons In Chemistry,5,1,03-11-2023,Etats-Unis,Apple TV+,serie-15376-Lessons-In-Chemistry.html
Power Book IV: Force,9,2,03-11-2023,Etats-Unis,Starz,serie-13586-Power-Book-IV-Force.html
Romancero,1,1,03-11-2023,Etats-Unis,Prime Video,serie-15622-Romancero.html
Shining Vale,4,2,03-11-2023,Etats-Unis,Starz,serie-13618-Shining-Vale.html
SOKO Leipzig,11,24,03-11-2023,Allemagne,ZDF,serie-10240-SOKO-Leipzig.html
Solsidan,7,8,03-11-2023,Suède,TV4,serie-2482-Solsidan.html
Terzi,1,3,03-11-2023,Etats-Unis,Netflix,serie-15220-Terzi.html
Terzi,2,3,03-11-2023,Etats-Unis,Netflix,serie-15220-Terzi.html
Terzi,3,3,03-11-2023,Etats-Unis,Netflix,serie-15220-Terzi.html
Terzi,4,3,03-11-2023,Etats-Unis,Netflix,serie-15220-Terzi.html
Terzi,5,3,03-11-2023,Etats-Unis,Netflix,serie-15220-Terzi.html
Terzi,6,3,03-11-2023,Etats-Unis,Netflix,serie-15220-Terzi.html
Terzi,7,3,03-11-2023,Etats-Unis,Netflix,serie-15220-Terzi.html
Terzi,8,3,03-11-2023,Etats-Unis,Netflix,serie-15220-Terzi.html
The Good Ship Murder,4,1,03-11-2023,Royaume-Uni,Channel 5,serie-15666-The-Good-Ship-Murder.html
Transplant,5,4,03-11-2023,Canada,CTV,serie-10635-Transplant.html
Un Si Grand Soleil,44,6,03-11-2023,France,France 2,serie-7375-Un-Si-Grand-Soleil.html
Upload,5,3,03-11-2023,Etats-Unis,Prime Video,serie-10765-Upload.html
Upload,6,3,03-11-2023,Etats-Unis,Prime Video,serie-10765-Upload.html
All Rise,18,3,04-11-2023,Etats-Unis,OWN,serie-9133-All-Rise.html
Boomer,10,1,04-11-2023,Belgique,Één,serie-15588-Boomer.html
Billy the Kid,4,2,05-11-2023,Etats-Unis,Epix,serie-13899-Billy-the-Kid.html
Bob's Burgers,5,14,05-11-2023,Etats-Unis,Fox,serie-453-Bob-s-Burgers.html
Entre Tierras,9,1,05-11-2023,Espagne,ATRESplayer,serie-15670-Entre-Tierras.html
Family Guy,4,22,05-11-2023,Etats-Unis,Fox,serie-413-Family-Guy.html
Fear the Walking Dead,9,8,05-11-2023,Etats-Unis,AMC,serie-2057-Fear-the-Walking-Dead.html
Heartland (CA),6,17,05-11-2023,Canada,CBC,serie-939-Heartland-(CA).html
Krapopolis,7,1,05-11-2023,Etats-Unis,Fox,serie-15101-Krapopolis.html
Lawmen: Bass Reeves,1,1,05-11-2023,Etats-Unis,Paramount+,serie-15598-Lawmen-Bass-Reeves.html
Lawmen: Bass Reeves,2,1,05-11-2023,Etats-Unis,Paramount+,serie-15598-Lawmen-Bass-Reeves.html
Les Mystères de l'amour,13,33,05-11-2023,France,TMC,serie-555-Les-Mysteres-de-l-amour.html
Rick and Morty,4,7,05-11-2023,Etats-Unis,Adult Swim,serie-1628-Rick-and-Morty.html
SkyMed,6,2,05-11-2023,Canada,CBC Gem,serie-14310-SkyMed.html
The Gilded Age,2,2,05-11-2023,Etats-Unis,HBO,serie-13620-The-Gilded-Age.html
The Simpsons,5,35,05-11-2023,Etats-Unis,Fox,serie-224-The-Simpsons.html
The Winter King,10,1,05-11-2023,Royaume-Uni,ITVX,serie-15487-The-Winter-King.html
Found,6,1,07-11-2023,Etats-Unis,NBC,serie-14723-Found.html
The Oval,4,5,07-11-2023,Etats-Unis,BET,serie-9601-The-Oval.html
Black Cake,4,1,08-11-2023,Etats-Unis,Hulu,serie-15614-Black-Cake.html
Blanca,6,2,08-11-2023,Italie,Rai 1,serie-14708-Blanca.html
Children Ruin Everything,7,3,08-11-2023,Canada,CTV,serie-13789-Children-Ruin-Everything.html
Chucky,6,3,08-11-2023,Etats-Unis,Syfy,serie-13240-Chucky.html
Cooper's Bar,6,2,08-11-2023,Etats-Unis,AMC,serie-14480-Cooper-s-Bar.html
Culprits,1,1,08-11-2023,Etats-Unis,Disney+,serie-15697-Culprits.html
Culprits,2,1,08-11-2023,Etats-Unis,Disney+,serie-15697-Culprits.html
Culprits,3,1,08-11-2023,Etats-Unis,Disney+,serie-15697-Culprits.html
Culprits,4,1,08-11-2023,Etats-Unis,Disney+,serie-15697-Culprits.html
Culprits,5,1,08-11-2023,Etats-Unis,Disney+,serie-15697-Culprits.html
Culprits,6,1,08-11-2023,Etats-Unis,Disney+,serie-15697-Culprits.html
Culprits,7,1,08-11-2023,Etats-Unis,Disney+,serie-15697-Culprits.html
Culprits,8,1,08-11-2023,Etats-Unis,Disney+,serie-15697-Culprits.html
Hotel Mondial,6,2,08-11-2023,Allemagne,ZDF,serie-14993-Hotel-Mondial.html
Hudson & Rex,6,6,08-11-2023,Canada,Citytv,serie-8391-Hudson--Rex.html
Inspirez expirez,6,1,08-11-2023,Canada,CraveTV,serie-15707-Inspirez-expirez.html
Inspirez expirez,7,1,08-11-2023,Canada,CraveTV,serie-15707-Inspirez-expirez.html
Robyn Hood,7,1,08-11-2023,Canada,Global,serie-15665-Robyn-Hood.html
Shetland,2,8,08-11-2023,Royaume-Uni,BBC One,serie-1139-Shetland.html
Sistas,15,6,08-11-2023,Etats-Unis,BET,serie-9954-Sistas.html
SurrealEstate,6,2,08-11-2023,Etats-Unis,Syfy,serie-13085-SurrealEstate.html
The Buccaneers (2023),1,1,08-11-2023,Etats-Unis,Apple TV+,serie-15529-The-Buccaneers-(2023).html
The Buccaneers (2023),2,1,08-11-2023,Etats-Unis,Apple TV+,serie-15529-The-Buccaneers-(2023).html
The Buccaneers (2023),3,1,08-11-2023,Etats-Unis,Apple TV+,serie-15529-The-Buccaneers-(2023).html
The Morning Show,10,3,08-11-2023,Etats-Unis,Apple TV+,serie-9906-The-Morning-Show.html
The Santa Clauses,1,2,08-11-2023,Etats-Unis,Disney+,serie-14533-The-Santa-Clauses.html
The Santa Clauses,2,2,08-11-2023,Etats-Unis,Disney+,serie-14533-The-Santa-Clauses.html
Vigilante,1,1,08-11-2023,Etats-Unis,Disney+,serie-15703-Vigilante.html
Young Dylan,10,4,08-11-2023,Etats-Unis,Nickelodeon,serie-10619-Young-Dylan.html
All Creatures Great and Small (2020),6,4,09-11-2023,Royaume-Uni,Channel 5,serie-11765-All-Creatures-Great-and-Small-(2020).html
À La Carte,9,2,09-11-2023,Etats-Unis,ALLBLK,serie-14106-A-La-Carte.html
BlackBerry,1,1,09-11-2023,Canada,CBC,serie-15708-BlackBerry.html
Bros,1,1,09-11-2023,Etats-Unis,Netflix,serie-15695-Bros.html
Doom Patrol,12,4,09-11-2023,Etats-Unis,HBO Max,serie-7951-Doom-Patrol.html
Frasier (2023),6,1,09-11-2023,Etats-Unis,Paramount+,serie-15573-Frasier-(2023).html
Kingdom Business,2,2,09-11-2023,Etats-Unis,BET+,serie-14195-Kingdom-Business.html
La Mesias,6,1,09-11-2023,Espagne,Moviestar+,serie-15635-La-Mesias.html
Loki,6,2,09-11-2023,Etats-Unis,Disney+,serie-12821-Loki.html
Master Crimes,1,1,09-11-2023,France,TF1,serie-15690-Master-Crimes.html
Master Crimes,2,1,09-11-2023,France,TF1,serie-15690-Master-Crimes.html
Rap Sh!t,1,2,09-11-2023,Etats-Unis,HBO Max,serie-14321-Rap-Sht.html
Rap Sh!t,2,2,09-11-2023,Etats-Unis,HBO Max,serie-14321-Rap-Sht.html
The Vanishing Triangle,4,1,09-11-2023,Etats-Unis,SundanceTV,serie-15619-The-Vanishing-Triangle.html
At the Moment (Ci Shi Ci Ke),1,1,10-11-2023,Etats-Unis,Netflix,serie-15702-At-the-Moment-(Ci-Shi-Ci-Ke).html
At the Moment (Ci Shi Ci Ke),2,1,10-11-2023,Etats-Unis,Netflix,serie-15702-At-the-Moment-(Ci-Shi-Ci-Ke).html
At the Moment (Ci Shi Ci Ke),3,1,10-11-2023,Etats-Unis,Netflix,serie-15702-At-the-Moment-(Ci-Shi-Ci-Ke).html
At the Moment (Ci Shi Ci Ke),4,1,10-11-2023,Etats-Unis,Netflix,serie-15702-At-the-Moment-(Ci-Shi-Ci-Ke).html
At the Moment (Ci Shi Ci Ke),5,1,10-11-2023,Etats-Unis,Netflix,serie-15702-At-the-Moment-(Ci-Shi-Ci-Ke).html
At the Moment (Ci Shi Ci Ke),6,1,10-11-2023,Etats-Unis,Netflix,serie-15702-At-the-Moment-(Ci-Shi-Ci-Ke).html
At the Moment (Ci Shi Ci Ke),7,1,10-11-2023,Etats-Unis,Netflix,serie-15702-At-the-Moment-(Ci-Shi-Ci-Ke).html
At the Moment (Ci Shi Ci Ke),8,1,10-11-2023,Etats-Unis,Netflix,serie-15702-At-the-Moment-(Ci-Shi-Ci-Ke).html
At the Moment (Ci Shi Ci Ke),9,1,10-11-2023,Etats-Unis,Netflix,serie-15702-At-the-Moment-(Ci-Shi-Ci-Ke).html
At the Moment (Ci Shi Ci Ke),10,1,10-11-2023,Etats-Unis,Netflix,serie-15702-At-the-Moment-(Ci-Shi-Ci-Ke).html
Bosch: Legacy,9,2,10-11-2023,Etats-Unis,Amazon Freevee,serie-14009-Bosch-Legacy.html
Bosch: Legacy,10,2,10-11-2023,Etats-Unis,Amazon Freevee,serie-14009-Bosch-Legacy.html
Fellow Travelers,3,1,10-11-2023,Etats-Unis,Showtime,serie-15528-Fellow-Travelers.html
For All Mankind,1,4,10-11-2023,Etats-Unis,Apple TV+,serie-9901-For-All-Mankind.html
Goosebumps (2023),9,1,10-11-2023,Etats-Unis,Disney+,serie-15599-Goosebumps-(2023).html
Invincible,2,2,10-11-2023,Etats-Unis,Prime Video,serie-12630-Invincible.html
Lessons In Chemistry,6,1,10-11-2023,Etats-Unis,Apple TV+,serie-15376-Lessons-In-Chemistry.html
NCIS: Sydney,1,1,10-11-2023,Etats-Unis,Paramount+,serie-15620-NCIS-Sydney.html
Power Book IV: Force,10,2,10-11-2023,Etats-Unis,Starz,serie-13586-Power-Book-IV-Force.html
Shining Vale,5,2,10-11-2023,Etats-Unis,Starz,serie-13618-Shining-Vale.html
SOKO Leipzig,12,24,10-11-2023,Allemagne,ZDF,serie-10240-SOKO-Leipzig.html
Solsidan,8,8,10-11-2023,Suède,TV4,serie-2482-Solsidan.html
The Curse (2023),1,1,10-11-2023,Etats-Unis,Showtime on Demand,serie-15656-The-Curse-(2023).html
The Good Ship Murder,5,1,10-11-2023,Royaume-Uni,Channel 5,serie-15666-The-Good-Ship-Murder.html
Transplant,6,4,10-11-2023,Canada,CTV,serie-10635-Transplant.html
Upload,7,3,10-11-2023,Etats-Unis,Prime Video,serie-10765-Upload.html
Upload,8,3,10-11-2023,Etats-Unis,Prime Video,serie-10765-Upload.html
Yellowstone,9,5,10-11-2023,Etats-Unis,Paramount Network,serie-5555-Yellowstone.html
All Rise,19,3,11-11-2023,Etats-Unis,OWN,serie-9133-All-Rise.html
Beacon 23,1,1,12-11-2023,Etats-Unis,Epix,serie-15648-Beacon-23.html
Bob's Burgers,6,14,12-11-2023,Etats-Unis,Fox,serie-453-Bob-s-Burgers.html
Entre Tierras,10,1,12-11-2023,Espagne,ATRESplayer,serie-15670-Entre-Tierras.html
Family Guy,5,22,12-11-2023,Etats-Unis,Fox,serie-413-Family-Guy.html
Fear the Walking Dead,10,8,12-11-2023,Etats-Unis,AMC,serie-2057-Fear-the-Walking-Dead.html
Heartland (CA),7,17,12-11-2023,Canada,CBC,serie-939-Heartland-(CA).html
Krapopolis,8,1,12-11-2023,Etats-Unis,Fox,serie-15101-Krapopolis.html
Les Mystères de l'amour,14,33,12-11-2023,France,TMC,serie-555-Les-Mysteres-de-l-amour.html
Rick and Morty,5,7,12-11-2023,Etats-Unis,Adult Swim,serie-1628-Rick-and-Morty.html
SkyMed,7,2,12-11-2023,Canada,CBC Gem,serie-14310-SkyMed.html
The Gilded Age,3,2,12-11-2023,Etats-Unis,HBO,serie-13620-The-Gilded-Age.html
The Simpsons,6,35,12-11-2023,Etats-Unis,Fox,serie-224-The-Simpsons.html
A Murder at the End of the World,1,1,14-11-2023,Etats-Unis,Hulu,serie-15464-A-Murder-at-the-End-of-the-World.html
A Murder at the End of the World,2,1,14-11-2023,Etats-Unis,Hulu,serie-15464-A-Murder-at-the-End-of-the-World.html
DNA do Crime,1,1,14-11-2023,Etats-Unis,Netflix,serie-15699-DNA-do-Crime.html
Found,7,1,14-11-2023,Etats-Unis,NBC,serie-14723-Found.html
Suburræterna,1,1,14-11-2023,Etats-Unis,Netflix,serie-15649-Suburraeterna.html
Black Cake,5,1,15-11-2023,Etats-Unis,Hulu,serie-15614-Black-Cake.html
Chucky,7,3,15-11-2023,Etats-Unis,Syfy,serie-13240-Chucky.html
Deutsches Haus,1,1,15-11-2023,Etats-Unis,Disney+,serie-15601-Deutsches-Haus.html
Hotel Mondial,7,2,15-11-2023,Allemagne,ZDF,serie-14993-Hotel-Mondial.html
Informacja zwrotna,1,1,15-11-2023,Etats-Unis,Netflix,serie-15704-Informacja-zwrotna.html
Inspirez expirez,8,1,15-11-2023,Canada,CraveTV,serie-15707-Inspirez-expirez.html
Inspirez expirez,9,1,15-11-2023,Canada,CraveTV,serie-15707-Inspirez-expirez.html
Inspirez expirez,10,1,15-11-2023,Canada,CraveTV,serie-15707-Inspirez-expirez.html
Magnum P.I. (2018),16,5,15-11-2023,Etats-Unis,NBC,serie-7010-Magnum-PI-(2018).html
Quantum Leap (2022),6,2,15-11-2023,Etats-Unis,NBC,serie-14394-Quantum-Leap-(2022).html
Robyn Hood,8,1,15-11-2023,Canada,Global,serie-15665-Robyn-Hood.html
Sahsiyet,1,2,15-11-2023,Turquie,Puhu TV,serie-8024-Sahsiyet.html
Shetland,3,8,15-11-2023,Royaume-Uni,BBC One,serie-1139-Shetland.html
SurrealEstate,7,2,15-11-2023,Etats-Unis,Syfy,serie-13085-SurrealEstate.html
The Buccaneers (2023),4,1,15-11-2023,Etats-Unis,Apple TV+,serie-15529-The-Buccaneers-(2023).html
The Lazarus Project,1,2,15-11-2023,Royaume-Uni,Sky1,serie-14258-The-Lazarus-Project.html
The Santa Clauses,3,2,15-11-2023,Etats-Unis,Disney+,serie-14533-The-Santa-Clauses.html
Tout va bien,1,1,15-11-2023,Etats-Unis,Disney+,serie-15694-Tout-va-bien.html
Tout va bien,2,1,15-11-2023,Etats-Unis,Disney+,serie-15694-Tout-va-bien.html
Tout va bien,3,1,15-11-2023,Etats-Unis,Disney+,serie-15694-Tout-va-bien.html
Tout va bien,4,1,15-11-2023,Etats-Unis,Disney+,serie-15694-Tout-va-bien.html
Tout va bien,5,1,15-11-2023,Etats-Unis,Disney+,serie-15694-Tout-va-bien.html
Tout va bien,6,1,15-11-2023,Etats-Unis,Disney+,serie-15694-Tout-va-bien.html
Tout va bien,7,1,15-11-2023,Etats-Unis,Disney+,serie-15694-Tout-va-bien.html
Tout va bien,8,1,15-11-2023,Etats-Unis,Disney+,serie-15694-Tout-va-bien.html
Young Dylan,11,4,15-11-2023,Etats-Unis,Nickelodeon,serie-10619-Young-Dylan.html
Anderson Spider Silva,1,1,16-11-2023,Etats-Unis,Paramount+,serie-15692-Anderson-Spider-Silva.html
Anderson Spider Silva,2,1,16-11-2023,Etats-Unis,Paramount+,serie-15692-Anderson-Spider-Silva.html
Anderson Spider Silva,3,1,16-11-2023,Etats-Unis,Paramount+,serie-15692-Anderson-Spider-Silva.html
Anderson Spider Silva,4,1,16-11-2023,Etats-Unis,Paramount+,serie-15692-Anderson-Spider-Silva.html
À La Carte,10,2,16-11-2023,Etats-Unis,ALLBLK,serie-14106-A-La-Carte.html
BlackBerry,2,1,16-11-2023,Canada,CBC,serie-15708-BlackBerry.html
Frasier (2023),7,1,16-11-2023,Etats-Unis,Paramount+,serie-15573-Frasier-(2023).html
Julia (2022),1,2,16-11-2023,Etats-Unis,HBO Max,serie-13897-Julia-(2022).html
Julia (2022),2,2,16-11-2023,Etats-Unis,HBO Max,serie-13897-Julia-(2022).html
Julia (2022),3,2,16-11-2023,Etats-Unis,HBO Max,serie-13897-Julia-(2022).html
Kingdom Business,3,2,16-11-2023,Etats-Unis,BET+,serie-14195-Kingdom-Business.html
La Mesias,7,1,16-11-2023,Espagne,Moviestar+,serie-15635-La-Mesias.html
Le Voyageur,5,2,16-11-2023,France,France 3,serie-15720-Le-Voyageur.html
Master Crimes,3,1,16-11-2023,France,TF1,serie-15690-Master-Crimes.html
Master Crimes,4,1,16-11-2023,France,TF1,serie-15690-Master-Crimes.html
Rap Sh!t,3,2,16-11-2023,Etats-Unis,HBO Max,serie-14321-Rap-Sht.html
Terror Lake Drive,1,3,16-11-2023,Etats-Unis,ALLBLK,serie-12217-Terror-Lake-Drive.html
The Crown,1,6,16-11-2023,Etats-Unis,Netflix,serie-2524-The-Crown.html
The Vanishing Triangle,5,1,16-11-2023,Etats-Unis,SundanceTV,serie-15619-The-Vanishing-Triangle.html
Un professore,1,2,16-11-2023,Italie,Rai 1,serie-13644-Un-professore.html
Fellow Travelers,4,1,17-11-2023,Etats-Unis,Showtime,serie-15528-Fellow-Travelers.html
For All Mankind,2,4,17-11-2023,Etats-Unis,Apple TV+,serie-9901-For-All-Mankind.html
Goosebumps (2023),10,1,17-11-2023,Etats-Unis,Disney+,serie-15599-Goosebumps-(2023).html
Heartbeats,1,2,17-11-2023,Suède,TV4,serie-15710-Heartbeats.html
Invincible,3,2,17-11-2023,Etats-Unis,Prime Video,serie-12630-Invincible.html
Lessons In Chemistry,7,1,17-11-2023,Etats-Unis,Apple TV+,serie-15376-Lessons-In-Chemistry.html
Monarch: Legacy of Monsters,1,1,17-11-2023,Etats-Unis,Apple TV+,serie-15603-Monarch-Legacy-of-Monsters.html
Monarch: Legacy of Monsters,2,1,17-11-2023,Etats-Unis,Apple TV+,serie-15603-Monarch-Legacy-of-Monsters.html
NCIS: Sydney,2,1,17-11-2023,Etats-Unis,Paramount+,serie-15620-NCIS-Sydney.html
Ojitos de huevo,1,1,17-11-2023,Etats-Unis,Netflix,serie-15693-Ojitos-de-huevo.html
Sagrada familia,1,2,17-11-2023,Etats-Unis,Netflix,serie-14637-Sagrada-familia.html
Shining Vale,6,2,17-11-2023,Etats-Unis,Starz,serie-13618-Shining-Vale.html
SOKO Leipzig,13,24,17-11-2023,Allemagne,ZDF,serie-10240-SOKO-Leipzig.html
Solsidan,9,8,17-11-2023,Suède,TV4,serie-2482-Solsidan.html
Sort Of,1,3,17-11-2023,Canada,CBC Gem,serie-13163-Sort-Of.html
The Curse (2023),2,1,17-11-2023,Etats-Unis,Showtime on Demand,serie-15656-The-Curse-(2023).html
The Good Ship Murder,6,1,17-11-2023,Royaume-Uni,Channel 5,serie-15666-The-Good-Ship-Murder.html
Transplant,7,4,17-11-2023,Canada,CTV,serie-10635-Transplant.html
All Rise,20,3,18-11-2023,Etats-Unis,OWN,serie-9133-All-Rise.html
Beacon 23,2,1,19-11-2023,Etats-Unis,Epix,serie-15648-Beacon-23.html
Fear the Walking Dead,11,8,19-11-2023,Etats-Unis,AMC,serie-2057-Fear-the-Walking-Dead.html
Fear the Walking Dead,12,8,19-11-2023,Etats-Unis,AMC,serie-2057-Fear-the-Walking-Dead.html
Heartland (CA),8,17,19-11-2023,Canada,CBC,serie-939-Heartland-(CA).html
Krapopolis,9,1,19-11-2023,Etats-Unis,Fox,serie-15101-Krapopolis.html
Les Mystères de l'amour,15,33,19-11-2023,France,TMC,serie-555-Les-Mysteres-de-l-amour.html
Rick and Morty,6,7,19-11-2023,Etats-Unis,Adult Swim,serie-1628-Rick-and-Morty.html
The Gilded Age,4,2,19-11-2023,Etats-Unis,HBO,serie-13620-The-Gilded-Age.html
A Murder at the End of the World,3,1,21-11-2023,Etats-Unis,Hulu,serie-15464-A-Murder-at-the-End-of-the-World.html
Fargo,1,5,21-11-2023,Etats-Unis,FX,serie-1694-Fargo.html
Fargo,2,5,21-11-2023,Etats-Unis,FX,serie-1694-Fargo.html
Found,8,1,21-11-2023,Etats-Unis,NBC,serie-14723-Found.html
Black Cake,6,1,22-11-2023,Etats-Unis,Hulu,serie-15614-Black-Cake.html
Chucky,8,3,22-11-2023,Etats-Unis,Syfy,serie-13240-Chucky.html
Magnum P.I. (2018),17,5,22-11-2023,Etats-Unis,NBC,serie-7010-Magnum-PI-(2018).html
Magnum P.I. (2018),18,5,22-11-2023,Etats-Unis,NBC,serie-7010-Magnum-PI-(2018).html
SurrealEstate,8,2,22-11-2023,Etats-Unis,Syfy,serie-13085-SurrealEstate.html
The Buccaneers (2023),5,1,22-11-2023,Etats-Unis,Apple TV+,serie-15529-The-Buccaneers-(2023).html
The Santa Clauses,4,2,22-11-2023,Etats-Unis,Disney+,serie-14533-The-Santa-Clauses.html
BlackBerry,3,1,23-11-2023,Canada,CBC,serie-15708-BlackBerry.html
Frasier (2023),8,1,23-11-2023,Etats-Unis,Paramount+,serie-15573-Frasier-(2023).html
Julia (2022),4,2,23-11-2023,Etats-Unis,HBO Max,serie-13897-Julia-(2022).html
Kingdom Business,4,2,23-11-2023,Etats-Unis,BET+,serie-14195-Kingdom-Business.html
Master Crimes,5,1,23-11-2023,France,TF1,serie-15690-Master-Crimes.html
Master Crimes,6,1,23-11-2023,France,TF1,serie-15690-Master-Crimes.html
Rap Sh!t,4,2,23-11-2023,Etats-Unis,HBO Max,serie-14321-Rap-Sht.html
The Vanishing Triangle,6,1,23-11-2023,Etats-Unis,SundanceTV,serie-15619-The-Vanishing-Triangle.html
En helt vanlig familj,1,1,24-11-2023,Etats-Unis,Netflix,serie-15698-En-helt-vanlig-familj.html
Fellow Travelers,5,1,24-11-2023,Etats-Unis,Showtime,serie-15528-Fellow-Travelers.html
For All Mankind,3,4,24-11-2023,Etats-Unis,Apple TV+,serie-9901-For-All-Mankind.html
Invincible,4,2,24-11-2023,Etats-Unis,Prime Video,serie-12630-Invincible.html
Lessons In Chemistry,8,1,24-11-2023,Etats-Unis,Apple TV+,serie-15376-Lessons-In-Chemistry.html
Monarch: Legacy of Monsters,3,1,24-11-2023,Etats-Unis,Apple TV+,serie-15603-Monarch-Legacy-of-Monsters.html
My Demon,1,1,24-11-2023,Etats-Unis,Netflix,serie-15705-My-Demon.html
NCIS: Sydney,3,1,24-11-2023,Etats-Unis,Paramount+,serie-15620-NCIS-Sydney.html
Shining Vale,7,2,24-11-2023,Etats-Unis,Starz,serie-13618-Shining-Vale.html
Solsidan,10,8,24-11-2023,Suède,TV4,serie-2482-Solsidan.html
The Curse (2023),3,1,24-11-2023,Etats-Unis,Showtime on Demand,serie-15656-The-Curse-(2023).html
The Good Ship Murder,7,1,24-11-2023,Royaume-Uni,Channel 5,serie-15666-The-Good-Ship-Murder.html
Transplant,8,4,24-11-2023,Canada,CTV,serie-10635-Transplant.html
Doctor Who (2005),0,14,25-11-2023,Royaume-Uni,BBC One,serie-136-Doctor-Who-(2005).html
My Demon,2,1,25-11-2023,Etats-Unis,Netflix,serie-15705-My-Demon.html
Beacon 23,3,1,26-11-2023,Etats-Unis,Epix,serie-15648-Beacon-23.html
Rick and Morty,7,7,26-11-2023,Etats-Unis,Adult Swim,serie-1628-Rick-and-Morty.html
The Gilded Age,5,2,26-11-2023,Etats-Unis,HBO,serie-13620-The-Gilded-Age.html
A Murder at the End of the World,4,1,28-11-2023,Etats-Unis,Hulu,serie-15464-A-Murder-at-the-End-of-the-World.html
Fargo,3,5,28-11-2023,Etats-Unis,FX,serie-1694-Fargo.html
Found,9,1,28-11-2023,Etats-Unis,NBC,serie-14723-Found.html
Black Cake,7,1,29-11-2023,Etats-Unis,Hulu,serie-15614-Black-Cake.html
Magnum P.I. (2018),19,5,29-11-2023,Etats-Unis,NBC,serie-7010-Magnum-PI-(2018).html
Quantum Leap (2022),9,2,29-11-2023,Etats-Unis,NBC,serie-14394-Quantum-Leap-(2022).html
SurrealEstate,9,2,29-11-2023,Etats-Unis,Syfy,serie-13085-SurrealEstate.html
The Artful Dodger,1,1,29-11-2023,Etats-Unis,Disney+,serie-15577-The-Artful-Dodger.html
The Buccaneers (2023),6,1,29-11-2023,Etats-Unis,Apple TV+,serie-15529-The-Buccaneers-(2023).html
The Santa Clauses,5,2,29-11-2023,Etats-Unis,Disney+,serie-14533-The-Santa-Clauses.html
Family Law (CAN),1,3,30-11-2023,Canada,Global,serie-12985-Family-Law-(CAN).html
Family Law (CAN),2,3,30-11-2023,Canada,Global,serie-12985-Family-Law-(CAN).html
Family Law (CAN),3,3,30-11-2023,Canada,Global,serie-12985-Family-Law-(CAN).html
Family Law (CAN),4,3,30-11-2023,Canada,Global,serie-12985-Family-Law-(CAN).html
Family Law (CAN),5,3,30-11-2023,Canada,Global,serie-12985-Family-Law-(CAN).html
Family Law (CAN),6,3,30-11-2023,Canada,Global,serie-12985-Family-Law-(CAN).html
Family Law (CAN),7,3,30-11-2023,Canada,Global,serie-12985-Family-Law-(CAN).html
Family Law (CAN),8,3,30-11-2023,Canada,Global,serie-12985-Family-Law-(CAN).html
Family Law (CAN),9,3,30-11-2023,Canada,Global,serie-12985-Family-Law-(CAN).html
Family Law (CAN),10,3,30-11-2023,Canada,Global,serie-12985-Family-Law-(CAN).html
Frasier (2023),9,1,30-11-2023,Etats-Unis,Paramount+,serie-15573-Frasier-(2023).html
Julia (2022),5,2,30-11-2023,Etats-Unis,HBO Max,serie-13897-Julia-(2022).html
Obliterated,1,1,30-11-2023,Etats-Unis,Netflix,serie-15575-Obliterated.html
Obliterated,2,1,30-11-2023,Etats-Unis,Netflix,serie-15575-Obliterated.html
Obliterated,3,1,30-11-2023,Etats-Unis,Netflix,serie-15575-Obliterated.html
Obliterated,4,1,30-11-2023,Etats-Unis,Netflix,serie-15575-Obliterated.html
Obliterated,5,1,30-11-2023,Etats-Unis,Netflix,serie-15575-Obliterated.html
Obliterated,6,1,30-11-2023,Etats-Unis,Netflix,serie-15575-Obliterated.html
Obliterated,7,1,30-11-2023,Etats-Unis,Netflix,serie-15575-Obliterated.html
Obliterated,8,1,30-11-2023,Etats-Unis,Netflix,serie-15575-Obliterated.html
Rap Sh!t,5,2,30-11-2023,Etats-Unis,HBO Max,serie-14321-Rap-Sht.html
Virgin River,11,5,30-11-2023,Etats-Unis,Netflix,serie-10239-Virgin-River.html
Virgin River,12,5,30-11-2023,Etats-Unis,Netflix,serie-10239-Virgin-River.html
